ISO3,Country,Continent,Hemisphere,Human Development Groups,UNDP Developing Regions,HDI Rank (2021),Inequality in income (2010),Inequality in income (2011),Inequality in income (2012),Inequality in income (2013),Inequality in income (2014),Inequality in income (2015),Inequality in income (2016),Inequality in income (2017),Inequality in income (2018),Inequality in income (2019),Inequality in income (2020),Inequality in income (2021),PCA1,PCA2,Cluster,Inequality Status
AFG,Afghanistan,Asia,Northern Hemisphere,Low,SA,1.57319983465114,-1.67777008740064,-1.6075758165907,-1.57524148659905,-0.0796525199518605,-0.115761004529523,-0.0921498200320227,-0.029889855523742,-0.0590572403800328,-0.0697100602763406,-0.0767876066036791,-0.102701360690709,-0.102701360690709,-1.5504363866848,-2.06406167069477,0,Low Inequality
AGO,Angola,Africa,Southern Hemisphere,Medium,SSA,0.98616179171123,0.209668692566611,0.843837643266599,0.835339020809681,0.877998543011798,0.907618099707089,0.935732659296368,0.902009657763105,0.92510997653843,0.94320499175317,0.948226927455107,0.989576647811502,0.989576647811502,2.99435857066143,-0.417688842413081,1,Medium Inequality
ALB,Albania,Europe,Northern Hemisphere,High,ECA,-0.499778254480425,-0.634699185514099,-0.587549051010222,-1.38025670827698,-1.36228950141904,-1.34293478716512,-1.34722584309486,-1.40982890303528,-1.39037898784309,-1.2200253467592,-1.21358798135439,-1.16345674452883,-1.16345674452883,-4.12652759810826,0.440103689777545,2,High Inequality
AND,Andorra,Europe,Northern Hemisphere,Very High,SSA,-0.995091603210977,-0.0459981079053174,-0.0555774666642547,-0.0316169786887095,-0.0796525199518605,-0.115761004529523,-0.0921498200320227,-0.029889855523742,-0.0590572403800328,-0.0697100602763406,-0.0767876066036791,-0.102701360690709,-0.102701360690709,-0.25004939233654,0.0370541826316204,0,Low Inequality
ARE,United Arab Emirates,Asia,Northern Hemisphere,Very High,AS,-1.25192074699719,-0.0459981079053174,-0.0555774666642547,-0.0316169786887095,-0.0796525199518605,-0.115761004529523,-0.0921498200320227,-0.029889855523742,-0.0590572403800328,-0.0697100602763406,-0.0767876066036791,-0.102701360690709,-0.102701360690709,-0.25004939233654,0.0370541826316204,0,Low Inequality
ARG,Argentina,America,Southern Hemisphere,Very High,LAC,-0.866677031317871,0.822530144919881,0.67668762717058,0.505412069150018,0.469498942250809,0.563431807010358,0.469248766861107,0.638021848746248,0.521758075490892,0.602643538706412,0.841148967928237,0.882933650066622,0.882933650066622,2.26709454289397,-0.0577605562185095,0,Low Inequality
ARM,Armenia,Asia,Northern Hemisphere,High,ECA,-0.169569355326724,-1.19686276631446,-1.13729298309941,-1.11279210792548,-1.09184406834225,-1.07125019211251,-1.07162927308665,-0.687240835936181,-0.666649950905532,-0.633082026502215,-0.627028705734082,-0.579280133547391,-0.579280133547391,-3.00256960183614,-0.840469231890437,2,High Inequality
ATG,Antigua and Barbuda,America,Northern Hemisphere,High,LAC,-0.426398499112936,-0.0459981079053174,-0.0555774666642547,-0.0316169786887095,-0.0796525199518605,-0.115761004529523,-0.0921498200320227,-0.029889855523742,-0.0590572403800328,-0.0697100602763406,-0.0767876066036791,-0.102701360690709,-0.102701360690709,-0.25004939233654,0.0370541826316204,0,Low Inequality
AUS,Australia,Oceania,Southern Hemisphere,Very High,SSA,-1.63716446267651,-0.721708637739432,-0.672636239204059,-0.655875105627809,-0.629834828973196,-0.661542674225336,-0.656022394034776,-0.729527912101082,-0.709003798555679,-0.676126566905576,-0.670045081535668,-0.622121772367098,-0.622121772367098,-2.3143578848158,-0.0799440673729672,2,High Inequality
AUT,Austria,Europe,Northern Hemisphere,Very High,SSA,-1.27026568583906,-1.41166976474764,-1.1930387385444,-0.947637677589863,-0.924482976555738,-1.08328694327255,-1.15885692640826,-1.05714889986589,-0.880406286913744,-1.19036530617777,-1.18394734772269,-0.922904721046906,-0.922904721046906,-3.70527182532064,-0.303633906255964,2,High Inequality
AZE,Azerbaijan,Asia,Northern Hemisphere,High,ECA,-0.0594997222754905,-0.0459981079053174,-1.86487636666335,-1.82825620676249,-1.81528185340459,-1.79800271828516,-1.80884627804493,-1.87919954617984,-1.86049076936411,-1.81531796017186,-1.80849108707944,-1.75594329211137,-1.75594329211137,-5.82695573629102,0.732224087716301,2,High Inequality
BDI,Burundi,Africa,Southern Hemisphere,Low,SSA,1.70161440654425,-1.33619841456949,-1.27355034620157,-1.12765340755269,-1.10687099380634,-1.08634596989345,-1.08694241433129,-1.14517554042613,-0.180874125453763,-0.152028248077531,-0.146289687043735,-0.100493926632371,-0.100493926632371,-2.52561537505409,-1.53139264683267,2,High Inequality
BEL,Belgium,Europe,Northern Hemisphere,Very High,SSA,-1.49040495194153,-1.5176377238386,-1.40106515444984,-1.37217065220875,-1.40479886474796,-1.34071393383834,-1.34497301179527,-1.43762282817889,-1.50820254949866,-1.51997291102783,-1.51333928603651,-1.55769664978105,-1.55769664978105,-5.04091017485766,-0.00254185714843217,2,High Inequality
BEN,Benin,Africa,Northern Hemisphere,Low,SSA,1.31637069086493,0.0938850037789945,0.904064581771813,0.89456276513473,0.937882322627373,1.08910148794493,1.11982921914046,1.09864588179461,1.35606945607956,1.3699752736798,1.3747179680441,1.41433523754098,1.41433523754098,3.80425277364938,-0.99667989703693,1,Medium Inequality
BFA,Burkina Faso,Africa,Northern Hemisphere,Low,SSA,1.64657959001863,0.173163775942593,0.202466126401533,0.204650766102906,0.240281409767009,-0.659423170181685,-0.653872371342339,-0.704834625651949,-0.684271521295137,-0.650532304127316,-0.644467565415918,-0.596648154771746,-0.596648154771746,-1.29164100042053,1.24231619462718,0,Low Inequality
BGD,Bangladesh,Asia,Northern Hemisphere,Medium,SA,0.637607953715656,-0.0459981079053174,0.752232983592147,0.745260210925078,0.78691582508102,-0.882326001120865,-0.879984770685643,-0.934743256785681,-0.914543179201203,-0.935405260254325,-0.748463864390017,-0.700222009988772,-0.700222009988772,-1.32434657545947,1.93457628104541,0,Low Inequality
BGR,Bulgaria,Europe,Northern Hemisphere,High,SSA,-0.481433315638553,-1.03209420111711,-0.524339152249449,-0.6485551829061,-0.557223684629758,-0.303116619343256,-0.0921498200320227,-0.0267610814815119,0.23309483334589,-0.0569394588041073,-0.0512631155999851,0.183925619903892,0.183925619903892,-0.745340833756155,-1.23322437349442,0,Low Inequality
BHR,Bahrain,Asia,Northern Hemisphere,Very High,AS,-1.08681629742034,-0.0459981079053174,-0.0555774666642547,-0.0316169786887095,-0.0796525199518605,-0.115761004529523,-0.0921498200320227,-0.029889855523742,-0.0590572403800328,-0.0697100602763406,-0.0767876066036791,-0.102701360690709,-0.102701360690709,-0.25004939233654,0.0370541826316204,0,Low Inequality
BHS,Bahamas,America,Northern Hemisphere,Very High,LAC,-0.719917520582893,-0.0459981079053174,-0.0555774666642547,-0.0316169786887095,-0.0796525199518605,-0.115761004529523,-0.0921498200320227,-0.029889855523742,-0.0590572403800328,-0.0697100602763406,-0.0767876066036791,-0.102701360690709,-0.102701360690709,-0.25004939233654,0.0370541826316204,0,Low Inequality
BIH,Bosnia and Herzegovina,Europe,Northern Hemisphere,High,ECA,-0.371363682587319,-0.0459981079053174,-0.807794656553257,-0.329612093547871,-0.299935689113421,-0.27571334432091,-0.264637523981182,-0.309064861560061,-0.287876834948971,-0.257990823832465,-0.25218293010929,-0.205957020357127,-0.205957020357127,-1.02190866277638,-0.210187586479953,0,Low Inequality
BLR,Belarus,Europe,Northern Hemisphere,Very High,ECA,-0.628192826373531,-1.5049329386116,-1.5875640721197,-1.57328552898772,-1.55746958485743,-1.53136743931953,-1.53837172901177,-1.60418396319842,-1.5850409355286,-1.54254567223474,-1.70018379315176,-1.64807595364958,-1.64807595364958,-5.49013593563953,-0.0308873863125454,2,High Inequality
BLZ,Belize,America,Northern Hemisphere,Medium,LAC,0.527538320664423,-0.0459981079053174,2.05495591747886,2.02628381726704,2.08221615096883,2.11735334814858,2.16288683424675,2.15921553290253,2.18430098546236,2.19015587087094,2.19436191041938,2.2306497011762,2.2306497011762,6.86533375101834,-1.14542624273164,1,Medium Inequality
BOL,Bolivia,America,Southern Hemisphere,Medium,LAC,0.435813626455061,2.09933842048318,1.47732535260632,1.67873189733084,1.79575417143691,1.77628508047258,1.71411491867396,1.54387028907082,1.38917411509216,0.978510278954643,0.670869697108238,0.713346071312845,0.713346071312845,4.75275825232351,1.34537027120932,1,Medium Inequality
BRA,Brazil,America,Southern Hemisphere,High,LAC,-0.13287947764298,2.52392251090552,2.37144408984111,2.38824086773331,2.29761446315187,2.2108349656711,2.25547866441303,2.5221969468034,2.58773331665722,2.70141041650426,2.65982699657569,2.69422401985596,2.69422401985596,8.62878806744742,-0.123608759905436,1,Medium Inequality
BRB,Barbados,America,Northern Hemisphere,High,LAC,-0.444743437954809,1.46888667166211,1.46956314925867,1.45064187870488,1.50015881266306,1.5326290640077,1.56974312995048,1.55611345837499,1.58024661002108,1.59197328446959,1.5965707226525,1.63528680324075,1.63528680324075,5.3670737245695,-0.0688579606186388,1,Medium Inequality
BRN,Brunei,Asia,Northern Hemisphere,Very High,EAP,-0.793297275950382,-0.0459981079053174,-0.0555774666642547,-0.0316169786887095,-0.0796525199518605,-0.115761004529523,-0.0921498200320227,-0.029889855523742,-0.0590572403800328,-0.0697100602763406,-0.0767876066036791,-0.102701360690709,-0.102701360690709,-0.25004939233654,0.0370541826316204,0,Low Inequality
BTN,Bhutan,Asia,Northern Hemisphere,Medium,SA,0.600918076031912,0.298193666980286,0.32473378349502,-0.218188691351397,-0.187270498197265,-0.162531929414604,-0.149826414684335,-0.192326172951894,-0.316434960022981,-0.2862713459412,-0.280444947905149,-0.234104234904236,-0.234104234904236,-0.492108453541115,0.563176666256654,0,Low Inequality
CAN,Canada,America,Northern Hemisphere,Very High,SSA,-1.45371507425778,-0.763906070827032,-0.713901421762881,-0.696452938106851,-0.559976453254526,-0.536945596975681,-0.593714975389685,-0.771763583008628,-0.716935491285114,-0.682878759753048,-0.676792856335673,-0.628842137005718,-0.628842137005718,-2.29536071308449,-0.108914818619355,2,High Inequality
CHE,Switzerland,Europe,Northern Hemisphere,Very High,SSA,-1.710544218044,-0.0459981079053174,-1.27319568139722,-1.36870297142664,-1.51469105090487,-1.3486194500154,-1.35299235916431,-1.09789242897888,-1.07794996467798,-1.00000169782798,-0.99370829675397,-0.833920235716643,-0.833920235716643,-3.70373482295552,0.00883113839441864,2,High Inequality
CHL,Chile,America,Southern Hemisphere,Very High,LAC,-0.958401725527233,1.16760710059957,1.01061290138114,0.999336319883165,0.994019896563095,1.02417105494996,0.835254158303829,0.809293051601466,0.841022483948578,0.85993488256034,0.865011302976093,0.906699053833562,0.906699053833562,3.22855025483455,0.365562338292778,1,Medium Inequality
CHN,China,Asia,Northern Hemisphere,High,EAP,-0.279638988377958,0.163186419045207,0.192709195145302,0.0893075492671751,0.669584593463704,0.698249212083058,0.723349077943713,0.695509181644641,0.718283435230673,0.738388934712711,0.743544884220574,0.785726044274365,0.785726044274365,2.04288445356946,-0.743806205204599,0,Low Inequality
CIV,Ivory Coast,Africa,Northern Hemisphere,Medium,SSA,1.18795611897183,1.58007997612534,1.57829990579238,0.629003394799665,0.669363352926399,0.698026957837154,0.723123623468353,0.646945106757363,0.669642677448669,0.690220995736513,0.695408462152373,0.737785157347232,0.737785157347232,2.86887447585719,0.886985588262781,1,Medium Inequality
CMR,Cameroon,Africa,Northern Hemisphere,Medium,SSA,1.04119660823685,-0.0459981079053174,0.0582537531060948,0.0628405240993508,0.094225111297082,1.83965542336084,1.88119034882371,1.87278960691665,1.89742279163899,1.78540738361684,1.78987825535668,1.82780910068953,1.82780910068953,4.36530895568488,-2.62792111381911,1,Medium Inequality
COD,The Democratic Republic of the Congo,Africa,Northern Hemisphere,Low,SSA,1.55485489580927,1.13309056563467,1.14118564845198,1.12773412957214,1.17365232940027,0.808785004041803,0.835476470080442,0.809519095800698,0.751887373427716,0.771666221462424,0.776800397209418,0.818846469918861,0.818846469918861,3.15222884954464,0.605305474410737,1,Medium Inequality
COG,Congo,Africa,Southern Hemisphere,Medium,SSA,1.07788648592059,0.620886815008514,0.640297804562899,1.0669588798876,1.11219975324744,1.18427883801394,1.21637702383439,1.19681464069778,1.22038045787956,1.23560525801658,1.2404358724271,1.28059860972946,1.28059860972946,3.85835316339783,-0.589218115717876,1,Medium Inequality
COL,Colombia,America,Northern Hemisphere,High,LAC,-0.114534538801107,2.60288300961956,2.38474833531727,2.23376729202849,2.29468228856413,2.2989022003643,2.0736027628317,2.00015460693343,1.85044490628008,1.98614745877495,2.16487358370459,2.20128115910423,2.20128115910423,7.57050889146281,0.685403972675939,1,Medium Inequality
CPV,Cabo Verde,Africa,Northern Hemisphere,Medium,SSA,0.619263014873784,0.704178480318679,0.721749341378351,0.715284331735903,-0.0796525199518605,-0.115761004529523,-0.0921498200320227,-0.029889855523742,-0.0590572403800328,-0.0697100602763406,-0.0767876066036791,-0.102701360690709,-0.102701360690709,0.376159877038481,1.04500565717705,0,Low Inequality
CRI,Costa Rica,America,Northern Hemisphere,Very High,LAC,-0.664882704057276,1.44299982203887,1.5704684214397,1.54340376515487,1.71051247186133,1.62155544606086,1.61596693376127,1.64444981561079,1.58205326176897,1.57564486301612,1.57290699940475,1.61171920449218,1.61171920449218,5.51697298456873,0.0495031592323109,1,Medium Inequality
CUB,Cuba,America,Northern Hemisphere,High,LAC,-0.206259233010469,-0.0459981079053174,-0.0555774666642547,-0.0316169786887095,-0.0796525199518605,-0.115761004529523,-0.0921498200320227,-0.029889855523742,-0.0590572403800328,-0.0697100602763406,-0.0767876066036791,-0.102701360690709,-0.102701360690709,-0.25004939233654,0.0370541826316204,0,Low Inequality
CYP,Cyprus,Asia,Northern Hemisphere,Very High,SSA,-1.19688593047157,-1.28680121683646,-1.0526710396109,-1.01774052445276,-0.870091325672286,-0.633486106419573,-0.627561840899719,-0.831315878988267,-1.10579577225846,-1.23223027983064,-1.22578492857963,-1.1835396627744,-1.1835396627744,-3.5235562559616,-0.0379491918847414,2,High Inequality
CZE,Czechia,Europe,Northern Hemisphere,Very High,SSA,-1.14185111394596,-1.68823118960334,-1.53370035152739,-1.54714597886266,-1.51864388183804,-1.5448551321996,-1.55205363060929,-1.66078555433664,-1.81171920822832,-1.83483593149667,-1.82799628754215,-1.76853368953638,-1.76853368953638,-5.78861344602169,0.146407594936774,2,High Inequality
DEU,Germany,Europe,Northern Hemisphere,Very High,SSA,-1.56378470730902,-1.15670211782393,-1.06224429225747,-1.13924195912244,-1.02532575431101,-0.639189285069033,-0.633347139376546,-0.92384673155779,-0.903629448310508,-0.867757933912442,-1.31259436283325,-1.26206095181323,-1.26206095181323,-3.50770764876068,-0.110916419961817,2,High Inequality
DJI,Djibouti,Africa,Northern Hemisphere,Low,AS,1.40809538507429,-0.16889606327133,-0.132036725511316,0.979392835040315,0.717044275493993,0.74592635104241,0.771712718003829,0.744684805428029,0.76753670754727,0.787163434196386,0.792287469915836,0.834270632529009,0.834270632529009,2.24798654207213,-0.816949837211824,1,Medium Inequality
DMA,Dominica,America,Northern Hemisphere,High,LAC,0.142294604985105,-0.0459981079053174,-0.0555774666642547,-0.0316169786887095,-0.0796525199518605,-0.115761004529523,-0.0921498200320227,-0.029889855523742,-0.0590572403800328,-0.0697100602763406,-0.0767876066036791,-0.102701360690709,-0.102701360690709,-0.25004939233654,0.0370541826316204,0,Low Inequality
DNK,Denmark,Europe,Northern Hemisphere,Very High,SSA,-1.61881952383463,-1.65173316798472,-1.2626622715617,-1.09350570284132,-1.28735097902915,-1.1777638557181,-1.34373096259465,-1.51455843713206,-1.50808566139528,-1.53596458408801,-1.52932049553734,-1.59250402410014,-1.59250402410014,-4.92726563249862,0.148494653938685,2,High Inequality
DOM,Dominican Republic,America,Northern Hemisphere,High,LAC,-0.261294049536086,1.24065651117864,1.32155279463875,1.06105997694643,1.31007313317246,0.866584443231803,1.05052205391126,1.10937902166399,0.537750037863483,0.795063534277891,0.500788728241546,0.543955988989265,0.543955988989265,3.12294187077739,0.957245957129861,1,Medium Inequality
DZA,Algeria,Africa,Northern Hemisphere,High,AS,-0.0594997222754905,-0.0459981079053174,-0.0555774666642547,-0.0316169786887095,-1.47944676288634,-1.46062885497427,-1.46661458279221,-1.53122207650262,-1.51196384168246,-1.47017893377408,-1.44408370594119,-1.39301617156616,-1.39301617156616,-3.88873425938243,1.73425559354187,2,High Inequality
ECU,Ecuador,America,Southern Hemisphere,High,LAC,0.0138800330919987,1.61154988400134,1.20700604199698,1.22637976857976,1.29113990433061,1.02971636573506,1.26054109605415,1.09933943596951,1.06696273490423,1.18389214219575,1.24749914012643,1.28763318570251,1.28763318570251,4.25832353613648,0.336801216011267,1,Medium Inequality
EGY,Egypt,Africa,Northern Hemisphere,High,AS,0.0505699107757432,-0.0459981079053174,-0.0555774666642547,1.83753987510235,1.89136870008274,1.92563144764939,1.96840433823772,1.96146784384714,1.98624105190818,1.99402120463437,1.998355577642,2.03543956646014,2.03543956646014,5.71087664965972,-1.92611637214772,1,Medium Inequality
ERI,Eritrea,Africa,Northern Hemisphere,Low,SSA,1.49982007928365,-0.0459981079053174,-0.0555774666642547,-0.0316169786887095,-0.0796525199518605,-0.115761004529523,-0.0921498200320227,-0.029889855523742,-0.0590572403800328,-0.0697100602763406,-0.0767876066036791,-0.102701360690709,-0.102701360690709,-0.25004939233654,0.0370541826316204,0,Low Inequality
ESP,Spain,Europe,Northern Hemisphere,Very High,SSA,-1.23357580815532,-0.439445043412584,-0.0733511629428586,0.167366898848633,-0.151266070599815,0.0865476065495993,0.0615691404410631,-0.033018629565972,-0.0503031563518079,-0.403125764092517,-0.397222906693162,-0.322318076820347,-0.322318076820347,-0.534849751910488,0.158734128557146,0,Low Inequality
EST,Estonia,Europe,Northern Hemisphere,Very High,SSA,-1.16019605278783,-0.719582218072076,-0.716931580756661,-0.537406399810402,-0.505505692118342,-0.163501890047586,-0.150810341739312,-0.507319656532595,-0.941907519117756,-1.05922669709155,-1.05289454433141,-0.915125556101957,-0.915125556101957,-2.35746805103994,0.322183668728575,2,High Inequality
ETH,Ethiopia,Africa,Northern Hemisphere,Low,SSA,1.48147514044178,-1.91345378320353,-1.77878721668385,-1.74360103527133,-1.72968321909549,-1.71201187704688,-1.72161725833256,-1.25504246870566,-1.23534814503095,-1.19625211594194,-1.36550380274978,-1.31475546809495,-1.31475546809495,-5.25893000387993,-0.899978300321424,2,High Inequality
FIN,Finland,Europe,Northern Hemisphere,Very High,SSA,-1.52709482962527,-1.60291239270367,-1.60590228418692,-1.57375893703331,-1.58637700754685,-1.59209695591095,-1.6505922666402,-1.64985012783291,-1.64061728927895,-1.61152989004246,-1.60483635813079,-1.53315908983217,-1.53315908983217,-5.53556636574376,-0.142501505504665,2,High Inequality
FJI,Fiji,Oceania,Southern Hemisphere,High,EAP,0.0872597884594878,-0.0459981079053174,-0.0118539041118142,-0.00609935678040182,0.0271825242350192,-0.115761004529523,-0.0921498200320227,-0.029889855523742,-0.0590572403800328,-0.0697100602763406,-0.0767876066036791,-0.102701360690709,-0.102701360690709,-0.199497725735064,0.0891660317617818,0,Low Inequality
FRA,France,Europe,Northern Hemisphere,Very High,SSA,-1.21523086931344,-1.33473529442224,-1.14817431506239,-1.1531617469503,-1.19817361142268,-1.15229621312827,-1.15384227231993,-1.22261269797132,-1.09339867567486,-1.19429949201033,-1.18787895936637,-1.06210267375455,-1.06210267375455,-4.02395042440276,-0.231591212048684,2,High Inequality
FSM,Micronesia,Oceania,Northern Hemisphere,Medium,EAP,0.729332647925018,-0.0459981079053174,-0.0555774666642547,-0.0316169786887095,0.534157150318047,0.562201249906563,0.585342166932844,0.555185253856276,0.577737935323266,0.599209625597921,0.604456641935164,0.647202792860892,0.647202792860892,1.51959609477683,-0.834948622298657,0,Low Inequality
GAB,Gabon,Africa,Southern Hemisphere,High,SSA,0.325743993403828,-0.0459981079053174,-0.0555774666642547,-0.2963369448421,-0.266289696370454,-0.241913188002796,-0.230350680646506,-0.274202371754698,-0.141275761773072,-0.112814805435927,-0.107101902266889,-0.0614653267034072,-0.0614653267034072,-0.551207894227113,-0.0402807741769111,0,Low Inequality
GBR,United Kingdom,Europe,Northern Hemisphere,Very High,SSA,-1.39868025773217,-0.827995146080175,-0.528554673840262,-0.641143761150368,-0.83087141224098,-0.792212006872195,-0.788573228857648,-0.734553123340312,-0.762584470230577,-0.559879988044381,-0.553874564320635,-0.506423151846828,-0.506423151846828,-2.31593966726531,-0.214590540046473,2,High Inequality
GEO,Georgia,Asia,Northern Hemisphere,Very High,ECA,-0.573158009847915,1.26818992256797,1.27330031087371,1.25764817107996,0.476367857550839,0.504147170659542,0.526452169462188,0.34248010343387,0.364696922502671,0.388239505622398,0.393624562448864,0.43722713515737,0.43722713515737,2.18018234225988,1.19732953422542,0,Low Inequality
GHA,Ghana,Africa,Northern Hemisphere,Medium,SSA,0.710987709083146,0.591765070173746,-0.0378037703856513,-0.0316169786887095,0.00138051417831356,0.418549652086744,0.439622135851671,0.407018709376904,0.26624513437981,0.290744730897609,0.296193579821275,0.340191927290638,0.340191927290638,0.957029654540638,-0.187918498251296,0,Low Inequality
GIN,Guinea,Africa,Northern Hemisphere,Low,SSA,1.60988971233489,-0.0459981079053174,-0.0555774666642547,-0.741239726150876,-0.71615081896386,-0.693835542657587,-0.68878024610928,-0.740328573470662,-0.719821514218597,-0.57804476480262,-0.572027455629548,-0.524502304227703,-0.524502304227703,-1.92646994209481,0.408108823728357,0,Low Inequality
GMB,Gambia,Africa,Northern Hemisphere,Low,SSA,1.46313020159991,0.550833560078774,0.571792207373744,0.567825018936247,0.627347763614605,0.655818856046689,0.68030776901125,0.651745246329257,0.674450396462739,-0.629100988719287,-0.623050272795875,-0.57531786141658,-0.57531786141658,0.72840377154925,1.26397282009364,0,Low Inequality
GNB,Guinea-Bissau,Africa,Northern Hemisphere,Low,SSA,1.51816501812553,1.31921296257585,1.32319611985007,1.30671287048273,1.35462574806386,1.38642917713007,1.42143811710549,2.15555742364267,2.18063710003137,2.18652760071433,2.19073601428705,2.22703853381018,2.22703853381018,6.16024828365167,-1.12777117581112,1,Medium Inequality
GNQ,Equatorial Guinea,Africa,Northern Hemisphere,Medium,SSA,0.931126975185613,-0.0459981079053174,-0.0555774666642547,-0.0316169786887095,-0.0796525199518605,-0.115761004529523,-0.0921498200320227,-0.029889855523742,-0.0590572403800328,-0.0697100602763406,-0.0767876066036791,-0.102701360690709,-0.102701360690709,-0.25004939233654,0.0370541826316204,0,Low Inequality
GRC,Greece,Europe,Northern Hemisphere,Very High,SSA,-1.12350617510408,-0.670169851327146,-0.622236077996431,-0.265581334754308,-0.176567942957037,-0.204292952645978,-0.176851016838833,-0.187064903213567,-0.382970873149704,-0.631938287713766,-0.625885715308775,-0.689082662724513,-0.689082662724513,-1.52560575471296,0.0505745389362483,0,Low Inequality
GRD,Grenada,America,Northern Hemisphere,High,LAC,-0.481433315638553,-0.0459981079053174,-0.0555774666642547,-0.0316169786887095,-0.0796525199518605,-0.115761004529523,-0.0921498200320227,-0.029889855523742,-0.0590572403800328,-0.0697100602763406,-0.0767876066036791,-0.102701360690709,-0.102701360690709,-0.25004939233654,0.0370541826316204,0,Low Inequality
GTM,Guatemala,America,Northern Hemisphere,Medium,LAC,0.74767758676689,2.24038568488032,2.89558837029406,2.85291393814819,2.91805887835116,0.990412520790627,1.01971923373582,0.996855136244863,1.02010521646131,1.03727681810385,1.04223720138816,1.08320504225735,1.08320504225735,5.48225986649647,2.59408353534949,1,Medium Inequality
GUY,Guyana,America,Northern Hemisphere,High,LAC,0.252364238036338,0.208968160017313,0.237479498949156,0.239080924354077,0.275095284376597,0.389652559132833,0.410308954882523,0.377213385430207,0.399485048508968,0.422689469129906,0.428051984897871,0.471514709844205,0.471514709844205,1.25705616531757,-0.271965209200128,0,Low Inequality
HKG,Hong Kong,Asia,Northern Hemisphere,Very High,SSA,-1.65550940151838,-0.0459981079053174,0.387679320774483,0.386778882547337,0.424439303045385,0.451980683165278,0.473534538928106,0.441500472395662,0.463873645076601,0.486452167978735,0.491772962984802,0.534976846706468,0.534976846706468,1.46674634042998,-0.346779202291958,0,Low Inequality
HND,Honduras,America,Northern Hemisphere,Medium,LAC,0.784367464450635,2.4516525117376,2.4366182652331,2.5262715365953,1.95295107068412,1.89263531290328,1.85313739005229,2.10668325001373,1.97894806917222,1.95157816059385,1.77919418678355,1.81716843191152,1.81716843191152,7.06550884664783,0.945886482380599,1,Medium Inequality
HRV,Croatia,Europe,Northern Hemisphere,Very High,SSA,-0.995091603210977,-0.0459981079053174,-0.69146718721881,-0.716682181063315,-0.641953447010534,-0.651933208829671,-0.646274562354643,-0.764608526917382,-0.979702730736037,-1.05581339470723,-1.04948347531516,-1.19435396383063,-1.19435396383063,-2.8029476699936,0.809486386310297,2,High Inequality
HUN,Hungary,Europe,Northern Hemisphere,Very High,SSA,-0.885021970159743,-1.47858165521419,-1.2915708244543,-1.32987688132357,-1.06138259848473,-1.02681550687671,-0.934670461672788,-1.06215188180464,-0.859633601112864,-1.11526851972703,-1.10889969807455,-1.28482515839932,-1.28482515839932,-3.9786052071242,-0.409314096002318,2,High Inequality
IDN,Indonesia,Asia,Southern Hemisphere,High,EAP,0.362433871087572,-0.0459981079053174,-0.0555774666642547,-0.71471296272242,-0.68932842073207,-0.666890246081348,-0.661446965351026,-0.712536390548473,-0.293874307872456,-0.26392999754116,-0.258118217739499,-0.211868198233137,-0.211868198233137,-1.39627076230381,-0.00361393040078452,0,Low Inequality
IND,India,Asia,Northern Hemisphere,Medium,SA,0.692642770241273,-0.520374479870492,-0.475750074054125,-0.462268453930418,-0.434070474751973,-0.41046272612441,-0.37276958953637,-0.419012371053827,-0.397997952059384,-0.367041494316213,-0.361162247323174,-0.314493652276811,-0.314493652276811,-1.39438325837035,-0.224284970664102,0,Low Inequality
IRL,Ireland,Europe,Northern Hemisphere,Very High,SSA,-1.58212964615089,-1.26060019629187,-1.19962228825852,-1.17408319999023,-0.814428547338138,-0.550655316459432,-0.543538373909751,-0.592648215747356,-1.04693008848069,-1.00966560159111,-1.00336587729937,-1.28908916118737,-1.28908916118737,-3.38073728162476,-0.247265768472522,2,High Inequality
IRN,Iran,Asia,Northern Hemisphere,High,SA,-0.334673804903575,-0.0459981079053174,-0.0555774666642547,-0.0316169786887095,-0.359749491017473,-0.335801208863421,-0.325590591135497,-0.371041278039434,-0.349951112471335,-0.319461700274999,-0.313613585359087,-0.267138137911264,-0.267138137911264,-0.888902479202957,0.312512271788259,0,Low Inequality
IRQ,Iraq,Asia,Northern Hemisphere,Medium,AS,0.490848442980678,-0.0459981079053174,-0.882047600942435,-0.86179832294825,-0.838053014167068,-0.816296285155696,-0.81300429564217,-0.866638237447262,-0.846330621728056,-1.28892940776983,-1.2824469575431,-1.23203600841146,-1.23203600841146,-3.2020439997325,0.770630946975914,2,High Inequality
ISL,Iceland,Europe,Northern Hemisphere,Very High,SSA,-1.67385434036025,-1.33750708659564,-1.49297053751353,-1.38297019036919,-1.50827641617477,-1.62129712283655,-1.4244067722232,-1.74719084529328,-1.72827362613954,-1.7250494097924,-1.71828160058476,-1.66610024591095,-1.66610024591095,-5.49704592532774,0.28607500885965,2,High Inequality
ISR,Israel,Asia,Northern Hemisphere,Very High,SSA,-1.32530050236468,0.284548451280881,0.31139002593229,0.251954440618997,0.288112273080567,0.104628326202812,0.121180670117146,0.18117874184288,0.203140865329428,0.151774956106861,0.157314734758877,0.201877222506931,0.201877222506931,0.704385640503294,0.17923420885178,0,Low Inequality
ITA,Italy,Europe,Northern Hemisphere,Very High,SSA,-1.1785409916297,-0.668127550725749,-0.386671221142179,-0.371252110465335,-0.242958876072857,-0.127370084640616,-0.11415827599949,-0.156059197041077,-0.12307156680674,-0.117910382218236,-0.154136385168313,-0.108308750654994,-0.108308750654994,-0.755387809842461,-0.52593166008818,0,Low Inequality
JAM,Jamaica,America,Northern Hemisphere,High,LAC,0.289054115720083,-0.0459981079053174,1.25120590724483,1.23592179175524,1.28304571870944,1.31452117310958,1.34849471278642,1.33115047147809,1.35492840554655,1.36884531487676,1.37358874858778,1.41321060509125,1.41321060509125,4.26281735086818,-0.760419598845673,1,Medium Inequality
JOR,Jordan,Asia,Northern Hemisphere,High,AS,0.142294604985105,-0.256131671673995,-0.217345073507103,-0.285757534792499,-0.255592381178832,-0.231166858464442,-0.219449615165134,-0.263118286804027,-0.600764023299686,-0.567836551616075,-0.561825921809458,-0.5143422100965,-0.5143422100965,-1.30021535002882,0.358190596391657,0,Low Inequality
JPN,Japan,Asia,Northern Hemisphere,Very High,SSA,-1.3803353188903,-1.15504055942108,-1.09639473701688,-1.07257509989799,-0.768896037994242,-0.746822436576261,-0.742530096065066,-0.794980836959387,-0.774560073879489,-0.739943195105279,-0.733819953686797,-0.685637584370278,-0.685637584370278,-2.86887365015551,-0.581104627704667,2,High Inequality
KAZ,Kazakhstan,Asia,Northern Hemisphere,Very High,ECA,-0.70157258174102,-0.773421178287961,-1.35266082560127,-1.32457258949624,-1.30598479567718,-1.2863720972169,-1.60650156960424,-1.67345764494018,-1.65442400072833,-1.6112542903344,-1.6045609387512,-1.5528415292054,-1.5528415292054,-5.013523982372,0.567919351907242,2,High Inequality
KEN,Kenya,Africa,Northern Hemisphere,Medium,SSA,1.05954154707872,1.79708096527886,1.79050678136881,1.76623958435944,1.81927378365968,1.47374276788034,1.51000893254394,1.49537637541317,1.51941362292952,1.53173163233296,1.53636848741117,1.57532911572555,1.57532911572555,5.58458284045564,0.517279587966884,1,Medium Inequality
KGZ,Kyrgyzstan,Asia,Northern Hemisphere,Medium,ECA,0.435813626455061,0.15451278631809,0.18422718541761,-0.651213959184546,-0.625121735102733,-1.35148046830814,-1.35589457313804,-1.41864317356481,-1.39920717614581,-1.13023358387469,-1.1238549703864,-1.07408823836208,-1.07408823836208,-3.18758479097396,1.52865014411916,2,High Inequality
KHM,Cambodia,Asia,Northern Hemisphere,Medium,EAP,0.949471914027485,-0.364554252689664,-0.323372319046475,-0.312428840173249,-0.282560932250417,-1.05943030721667,-1.05963919416975,-1.1174139227921,-1.09750228301856,-1.05974620254124,-1.05341370986194,-1.00393311754684,-1.00393311754684,-2.8357082125885,1.02434819130505,2,High Inequality
KIR,Kiribati,Oceania,Northern Hemisphere,Medium,EAP,0.766022525608762,-0.0459981079053174,-0.0555774666642547,-0.0316169786887095,-0.0796525199518605,-0.115761004529523,-0.0921498200320227,-0.029889855523742,-0.0590572403800328,-0.368713006545597,-0.3628326658604,-0.316157285400616,-0.316157285400616,-0.546037511924347,0.307755293195075,0,Low Inequality
KNA,Saint Kitts and Nevis,America,Northern Hemisphere,High,LAC,-0.353018743745447,-0.0459981079053174,-0.0555774666642547,-0.0316169786887095,-0.0796525199518605,-0.115761004529523,-0.0921498200320227,-0.029889855523742,-0.0590572403800328,-0.0697100602763406,-0.0767876066036791,-0.102701360690709,-0.102701360690709,-0.25004939233654,0.0370541826316204,0,Low Inequality
KOR,South Korea,Asia,Northern Hemisphere,Very High,SSA,-1.3803353188903,-0.783763686397667,-0.733320331202326,-0.789808474267784,-0.765260854838562,-0.829378304769195,-0.826274682700967,-0.869016772598372,-0.848712912596967,-0.813375221519489,-0.807203932572513,-0.758723469919451,-0.758723469919451,-2.76688564701067,-0.0136811836720945,2,High Inequality
KWT,Kuwait,Asia,Northern Hemisphere,Very High,AS,-0.811642214792254,-0.0459981079053174,-0.0555774666642547,-0.0316169786887095,-0.0796525199518605,-0.115761004529523,-0.0921498200320227,-0.029889855523742,-0.0590572403800328,-0.0697100602763406,-0.0767876066036791,-0.102701360690709,-0.102701360690709,-0.25004939233654,0.0370541826316204,0,Low Inequality
LAO,Lao,Asia,Northern Hemisphere,Medium,EAP,0.839402280976252,-0.326616553942182,-0.286272762269491,-0.307714650811713,-0.277794204310304,-0.253470408789845,-0.242074313365253,-0.286122834135841,-0.229019500321437,-0.199705619573383,-0.193935862616263,-0.147946558495964,-0.147946558495964,-0.832793135320279,-0.186436327822651,0,Low Inequality
LBN,Lebanon,Asia,Northern Hemisphere,High,AS,0.325743993403828,0.972394190630383,-0.0555774666642547,-0.0316169786887095,-0.0796525199518605,-0.115761004529523,-0.0921498200320227,-0.029889855523742,-0.0590572403800328,-0.0697100602763406,-0.0767876066036791,-0.102701360690709,-0.102701360690709,0.0169864694433674,0.572276899487456,0,Low Inequality
LBR,Liberia,Africa,Northern Hemisphere,Low,SSA,1.5365099569674,-0.54188689673868,-0.496787225946858,-0.482955192056989,0.0435462788851273,0.0693424339257091,0.0853866977744527,0.046835964406167,0.0685859600372319,0.0950069282406488,0.100583850950505,-0.262819534217775,-0.262819534217775,-0.421860246298013,-0.608271595984126,0,Low Inequality
LBY,Libya,Africa,Northern Hemisphere,High,AS,0.178984482668849,-0.0459981079053174,-0.0555774666642547,-0.0316169786887095,-0.0796525199518605,-0.115761004529523,-0.0921498200320227,-0.029889855523742,-0.0590572403800328,-0.0697100602763406,-0.0767876066036791,-0.102701360690709,-0.102701360690709,-0.25004939233654,0.0370541826316204,0,Low Inequality
LCA,Saint Lucia,America,Northern Hemisphere,High,LAC,0.215674360352594,-0.0459981079053174,-0.0555774666642547,0.629866668294562,0.670236247409947,0.698903851861905,0.724013143852957,0.69618439664665,0.718959716400235,0.739058642003297,0.744214153312983,0.786392594726277,0.786392594726277,2.07538883542194,-0.779236419626898,0,Low Inequality
LIE,Liechtenstein,Europe,Northern Hemisphere,Very High,SSA,-1.43537013541591,-0.0459981079053174,-0.0555774666642547,-0.0316169786887095,-0.0796525199518605,-0.115761004529523,-0.0921498200320227,-0.029889855523742,-0.0590572403800328,-0.0697100602763406,-0.0767876066036791,-0.102701360690709,-0.102701360690709,-0.25004939233654,0.0370541826316204,0,Low Inequality
LKA,Sri Lanka,Asia,Northern Hemisphere,High,SA,-0.389708621429192,-0.0459981079053174,-0.0555774666642547,-0.0316169786887095,-0.0796525199518605,-0.115761004529523,-0.0921498200320227,-0.00297572997041982,0.0186956127690816,0.0456015465752614,0.0512107958679346,0.0962042888250921,0.0962042888250921,-0.032225013941259,-0.153280568497589,0,Low Inequality
LSO,Lesotho,Africa,Southern Hemisphere,Low,SSA,1.35306056854868,3.32416607768774,3.28385463064662,3.23471288566023,3.30411288913412,2.54484524669443,2.59653417049974,2.60014343319579,2.62592511291197,1.03956980767491,1.04452869062637,1.08548722322851,1.08548722322851,7.96219433423511,2.92517716346361,1,Medium Inequality
LTU,Lithuania,Europe,Northern Hemisphere,Very High,SSA,-1.08681629742034,-0.390708387197488,-0.557403891176238,-0.684181458964333,-0.373758963430941,-0.333834850118157,-0.3235959188741,0.178436201896449,-0.0590572403800328,-0.263269936240356,-0.257458588325376,-0.632048710990431,-0.632048710990431,-1.24253995657447,-0.30083155920114,0,Low Inequality
LUX,Luxembourg,Europe,Northern Hemisphere,Very High,SSA,-1.41702519657404,-1.56974879569963,-1.28974355901746,-1.16048564789088,-0.984744876362343,-0.977341711738307,-0.976368608488407,-1.03274529593527,-0.777440391560306,-0.461285570484433,-0.455344658368474,-0.687103583913589,-0.687103583913589,-3.16455560805273,-1.06912112152754,2,High Inequality
LVA,Latvia,Europe,Northern Hemisphere,Very High,SSA,-1.01343654205285,-0.275084662535302,-0.388694024208788,-0.281865510664198,-0.293443284982331,-0.244873883957333,-0.246265033825439,-0.290383913171151,-0.514663411434101,-0.372188318864234,-0.366305704237056,-0.57765215950126,-0.57765215950126,-1.27973755267336,0.17852391715638,0,Low Inequality
MAR,Morocco,Africa,Northern Hemisphere,Medium,AS,0.527538320664423,0.00916193534644683,-0.0555774666642547,-0.0316169786887095,-0.0796525199518605,-0.115761004529523,-0.0921498200320227,-0.029889855523742,0.0381783548576481,0.0648949041380063,0.0704915295362767,0.115406702152707,0.115406702152707,0.00255989292111386,-0.145083068235482,0,Low Inequality
MCO,Monaco,Europe,Northern Hemisphere,Very High,SSA,0.032224971933871,-0.0459981079053174,-0.0555774666642547,-0.0316169786887095,-0.0796525199518605,-0.115761004529523,-0.0921498200320227,-0.029889855523742,-0.0590572403800328,-0.0697100602763406,-0.0767876066036791,-0.102701360690709,-0.102701360690709,-0.25004939233654,0.0370541826316204,0,Low Inequality
MDA,Moldova,Europe,Northern Hemisphere,High,ECA,-0.261294049536086,-1.12113802606662,-1.23027005801607,-1.3700063393623,-1.42099013357092,-1.58541692539989,-1.59319947134869,-1.6599322159499,-1.64087721502427,-1.59783918792088,-1.5911546140134,-1.53948966234972,-1.53948966234972,-5.17819108402739,0.383683788126429,2,High Inequality
MDG,Madagascar,Africa,Southern Hemisphere,Low,SSA,1.44478526275804,1.81225273517526,1.8053433675947,1.7808290390305,-0.262672078372586,-0.238278994333395,-0.226664158376671,-0.270453955961653,-0.249204962555331,0.761263710481697,0.766404692726715,0.808492993866424,0.808492993866424,2.03933991117714,1.59701197517478,0,Low Inequality
MDV,Maldives,Asia,Northern Hemisphere,High,SA,-0.0778446611173628,0.0300482857237275,0.0625124278289957,0.0670282624970248,0.101125134357509,0.127185111669003,0.144062249780099,0.480843605594479,0.503278901261355,0.525474380250907,0.53076964251673,0.573815117679847,0.573815117679847,1.08563814792207,-0.675153354386062,0,Low Inequality
MEX,Mexico,America,Northern Hemisphere,High,LAC,-0.151224416484852,1.30503214285647,1.30932859114662,1.49843596815223,1.54848555647183,1.55263979238751,1.5900419919591,1.16979534276657,1.19331849635425,1.07019554963338,1.07513439376416,1.1159686028245,1.1159686028245,4.48491080417444,0.486869720582632,1,Medium Inequality
MHL,Marshall Islands,Oceania,Northern Hemisphere,Medium,EAP,0.674297831399401,-0.0459981079053174,-0.0555774666642547,-0.0316169786887095,-0.0796525199518605,-0.115761004529523,-0.0921498200320227,-0.029889855523742,-0.0590572403800328,-0.0697100602763406,-0.0767876066036791,-0.102701360690709,-0.102701360690709,-0.25004939233654,0.0370541826316204,0,Low Inequality
MKD,North Macedonia,Europe,Northern Hemisphere,High,ECA,-0.29798392721983,-0.0459981079053174,0.995338850278717,0.984316687144909,1.02863653188155,1.05894630125966,1.08923982920169,1.06754292243253,-0.0590572403800328,-0.396219235408532,-0.390320897040585,-0.343533856533573,-0.343533856533573,1.34509523191118,1.19879385888568,0,Low Inequality
MLI,Mali,Africa,Northern Hemisphere,Low,SSA,1.68326946770238,-0.0459981079053174,-0.0555774666642547,-0.0316169786887095,-0.844456922083236,-0.822729535328067,-0.920238642468195,-0.975672956290164,-0.955537506887023,-0.753608668829583,-0.747476485914179,-0.699238642346754,-0.699238642346754,-2.20988256279444,0.905682611837514,0,Low Inequality
MLT,Malta,Europe,Northern Hemisphere,Very High,SSA,-1.30695556352281,-1.28562492891411,-1.16185385793418,-1.23437178089961,-1.17814530896376,-1.25044772910611,-1.25340706781142,-1.31443499158812,-1.35776060282191,-1.30187157006034,-1.29538065160874,-1.07032620566744,-1.07032620566744,-4.26257675525893,-0.101736810079526,2,High Inequality
MMR,Myanmar,Asia,Northern Hemisphere,Medium,EAP,1.0045067305531,-2.35650979375447,-2.27132040585204,-2.22793014763975,-2.21941007032754,-2.20398262230841,-2.22067186947902,-0.029889855523742,-0.0590572403800328,-0.0697100602763406,-0.0767876066036791,-0.102701360690709,-0.102701360690709,-3.97057637529141,-3.31008984476817,2,High Inequality
MNE,Montenegro,Europe,Northern Hemisphere,Very High,ECA,-0.829987153634127,-1.43120469406525,-0.0555774666642547,-0.0316169786887095,-1.17765589807821,-1.15745520562412,-1.15907554892982,-1.21851972802087,-1.19876773477281,-0.703955247426941,-0.697855553389976,-0.649819275199124,-0.649819275199124,-2.92386973905223,0.148487636111922,2,High Inequality
MNG,Mongolia,Asia,Northern Hemisphere,High,EAP,0.032224971933871,-0.449925451630419,-0.0555774666642547,-0.0316169786887095,-0.0796525199518605,-0.876523144809605,-0.874098359292594,-0.928758017632072,-0.908548489327798,-0.700891956671854,-0.69479426698581,-0.64677042405797,-0.64677042405797,-2.00645115380973,0.786942385589853,0,Low Inequality
MOZ,Mozambique,Africa,Southern Hemisphere,Low,SSA,1.6649245288605,1.94224703010561,0.769560314660719,0.762298922347405,0.804144429104229,0.833425591437781,0.860471856248745,0.834934132903058,0.85792853912011,0.87667660022601,0.881742066318482,0.923361855079273,0.923361855079273,3.22460862088122,0.515230069893427,1,Medium Inequality
MRT,Mauritania,Africa,Northern Hemisphere,Medium,SSA,1.16961118012995,0.116746083704688,0.25930284696711,0.26054076301448,0.296794288105104,0.323750807733488,0.343458286961228,0.309240352563375,-0.0590572403800328,-0.0697100602763406,-0.0767876066036791,-0.592789437974004,-0.592789437974004,0.145711916514111,0.639190624244094,0,Low Inequality
MUS,Mauritius,Africa,Southern Hemisphere,Very High,SSA,-0.573158009847915,-0.0459981079053174,-0.0555774666642547,-0.592093327640475,-0.565342217436853,-0.542335946712551,-0.535099213910904,-0.584067369544811,-0.563313573142328,-0.530750143425326,-0.524763779737204,-0.477430618290905,-0.477430618290905,-1.60310684508619,0.381211137063296,0,Low Inequality
MWI,Malawi,Africa,Southern Hemisphere,Low,SSA,1.37140550739055,0.0247929126029156,0.0573731595044313,0.667634552178078,0.708425045852239,1.38655310070961,1.42156382505539,1.39142521972325,1.41529832789284,1.42862840354915,1.43333272040889,1.3186852476916,1.3186852476916,3.67804868156536,-1.59645642304364,1,Medium Inequality
MYS,Malaysia,Asia,Northern Hemisphere,Very High,EAP,-0.591502948689787,-0.0459981079053174,-0.0555774666642547,-0.0316169786887095,-0.0796525199518605,-0.115761004529523,-0.0921498200320227,-0.029889855523742,-0.0590572403800328,-0.0697100602763406,-0.0767876066036791,-0.102701360690709,-0.102701360690709,-0.25004939233654,0.0370541826316204,0,Low Inequality
NER,Niger,Africa,Northern Hemisphere,Low,SSA,1.73830428422799,-0.252848270099434,-1.16549567211924,-1.14052502753328,-1.11988606509232,-0.777667256634653,-0.773819049378621,-0.826795104760795,-0.806424576554191,-0.771497954741647,-0.765354066634155,-0.717043602478869,-0.717043602478869,-2.84692377417733,-0.192598462917074,2,High Inequality
NGA,Nigeria,Africa,Northern Hemisphere,Low,SSA,1.26133587433931,1.59392928398478,0.343984126012248,0.343811514338711,0.803728765064444,0.833008022854566,0.874881813201182,0.849586020580393,0.825066283769522,0.829431920271814,0.834528299171913,0.876339875153747,0.876339875153747,2.83900276966158,0.0471961638420108,1,Medium Inequality
NIC,Nicaragua,America,Northern Hemisphere,Medium,LAC,0.58257313719004,0.737356556834075,0.754194428299069,0.747188984040789,0.788866093938656,1.1431349973125,1.17464075471657,1.15437765568778,1.17787646467757,1.19351443040296,1.19837258538859,1.23870618812738,1.23870618812738,3.63651970370937,-0.596686989587547,1,Medium Inequality
NLD,Netherlands,Europe,Northern Hemisphere,Very High,SSA,-1.54543976846715,-1.46439449208984,-1.46255701913937,-1.46729119147523,-1.4046312582803,-1.21076120276009,-1.28955766814241,-1.31551450199257,-1.41467536849325,-1.4113742240653,-1.40481165660516,-1.33986357328662,-1.33986357328662,-4.76271667224134,-0.24890109581866,2,High Inequality
NOR,Norway,Europe,Northern Hemisphere,Very High,SSA,-1.69219927920212,-1.39666209597992,-1.62176510583527,-1.64695153388562,-1.61485938023429,-1.49556318144421,-1.51846364656209,-1.46640560430361,-1.32132491116795,-1.4462513671203,-1.43966597909253,-1.40313237760176,-1.40313237760176,-5.12801423807627,-0.327872343636148,2,High Inequality
NPL,Nepal,Asia,Northern Hemisphere,Medium,SA,0.894437097501868,-0.0459981079053174,-1.01947818982322,-0.996939744051899,-0.974700555968705,-1.11739421454864,-1.11843772134377,-0.843130752192141,-0.822786018046994,-0.787700352716613,-0.781545863169717,-0.733169626256846,-0.733169626256846,-2.89978746162978,0.104515008316709,2,High Inequality
NRU,Nauru,Oceania,Southern Hemisphere,Very High,EAP,0.032224971933871,-0.0459981079053174,-0.0555774666642547,-0.0316169786887095,-0.0796525199518605,-0.115761004529523,-0.0921498200320227,-0.029889855523742,-0.0590572403800328,-0.0697100602763406,-0.0767876066036791,-0.102701360690709,-0.102701360690709,-0.25004939233654,0.0370541826316204,0,Low Inequality
NZL,New Zealand,Oceania,Southern Hemisphere,Very High,SSA,-1.49040495194153,-0.0459981079053174,-0.64648099773487,-0.630155529438541,-0.917434212811654,-0.775579528213189,-0.771701259844207,-0.824641759370181,-0.804267831021429,-0.769362174134057,-0.763219683495553,-0.71491788942604,-0.71491788942604,-2.43862628047077,0.371036793600174,2,High Inequality
OMN,Oman,Asia,Northern Hemisphere,Very High,AS,-0.738262459424765,-0.0459981079053174,-0.350490433654866,-0.339095251018716,-0.309524534238225,-0.285346124860469,-0.274409006518976,-0.319000398845659,-0.29782806049305,-0.267845317195702,-0.262030975549545,-0.215765062014972,-0.215765062014972,-0.923423323689613,0.00681365139674206,0,Low Inequality
PAK,Pakistan,Asia,Northern Hemisphere,Low,SA,1.22464599665557,-1.62702284760902,-1.55794971468989,-1.52644200178765,-1.4498461198467,-1.43089258386764,-1.43645014037973,-1.50055119916857,-0.695066283752516,-0.661222134693688,-0.655150401487329,-0.607287596054586,-0.607287596054586,-3.94795598940073,-1.31296304625607,2,High Inequality
PAN,Panama,America,Northern Hemisphere,Very High,LAC,-0.609847887531659,2.19865600895949,2.10640038448301,2.22743927187849,2.15654117200792,2.10941752457435,2.13625300891842,2.11195228889257,2.04326087772007,1.94078856982315,2.00754164020953,2.04458831428838,2.04458831428838,7.24580170806027,0.396366249495577,1,Medium Inequality
PER,Peru,America,Southern Hemisphere,High,LAC,-0.187914294168596,1.14688540295139,1.03973802905541,1.01093853000437,0.94754718197824,0.849665776535815,0.897084979851915,0.919183598512758,0.882158608036,0.727423649128126,0.593393674790233,0.636184764636396,0.636184764636396,2.95562711369326,0.589827390716392,1,Medium Inequality
PHL,Philippines,Asia,Northern Hemisphere,Medium,EAP,0.399123748771317,0.971723996104874,0.983384084155059,0.972561050382598,0.588455018008161,0.616747906612057,0.640674238633629,0.611446303225826,0.816310808216257,0.835463419882708,0.840555852294285,0.882342943729918,0.882342943729918,2.77213047229969,0.22307885326678,1,Medium Inequality
PLW,Palau,Oceania,Northern Hemisphere,High,EAP,-0.261294049536086,0.0139884391309762,0.0468073848198441,-0.0316169786887095,-0.0796525199518605,-0.115761004529523,-0.0921498200320227,-0.029889855523742,-0.0590572403800328,-0.0697100602763406,-0.0767876066036791,-0.102701360690709,-0.102701360690709,-0.205879050608257,0.115148155399912,0,Low Inequality
PNG,Papua New Guinea,Oceania,Southern Hemisphere,Medium,EAP,1.13292130244621,-0.0459981079053174,-0.0555774666642547,-0.0316169786887095,-0.0796525199518605,-0.115761004529523,-0.0921498200320227,0.905064797247503,0.928169940101944,0.94623521054329,0.951255163533722,0.992592582880956,0.992592582880956,1.54889957162535,-1.42457176758295,0,Low Inequality
POL,Poland,Europe,Northern Hemisphere,Very High,SSA,-1.10516123626221,-0.810405987288269,-0.645708684781361,-0.679598550825523,-0.685439950682471,-0.649241911961078,-0.643544513616641,-0.767740079622172,-1.09208368451182,-1.22464990986044,-1.21820951854395,-1.31042151865453,-1.31042151865453,-3.19146115703879,0.607664426701941,2,High Inequality
PRK,North Korea,Asia,Northern Hemisphere,Very High,EAP,0.032224971933871,-0.0459981079053174,-0.0555774666642547,-0.0316169786887095,-0.0796525199518605,-0.115761004529523,-0.0921498200320227,-0.029889855523742,-0.0590572403800328,-0.0697100602763406,-0.0767876066036791,-0.102701360690709,-0.102701360690709,-0.25004939233654,0.0370541826316204,0,Low Inequality
PRT,Portugal,Europe,Northern Hemisphere,Very High,SSA,-1.03178148089472,-0.291627159506506,-0.374446747942973,-0.304506880329139,-0.269909996071806,-0.222535311750758,-0.245949397559935,-0.300459343612649,-0.580314171308145,-0.761194550793937,-0.755057404337451,-0.850354956015537,-0.850354956015537,-1.68215427915499,0.542168656908874,0,Low Inequality
PRY,Paraguay,America,Southern Hemisphere,High,LAC,0.197329421510722,2.0424258047572,2.25253307215635,1.43888852941842,1.46837650327654,1.97469117639269,1.48794732397592,1.48995714982297,1.65952071313233,1.27563156821712,1.16356825151861,1.20404323307288,1.20404323307288,5.36167708716836,0.999397187265404,1,Medium Inequality
PSE,"Palestine, State of",Asia,Northern Hemisphere,High,AS,0.215674360352594,-0.0459981079053174,1.02921540750291,0.764349031138666,0.806217385896188,0.835508046372137,0.862584296363335,0.837082039061712,1.3095424248337,1.32390051448632,1.3286733561639,1.36847766365182,1.36847766365182,3.43181744613392,-0.979483327599899,1,Medium Inequality
QAT,Qatar,Asia,Northern Hemisphere,Very High,AS,-0.958401725527233,-0.0459981079053174,-0.0555774666642547,-0.0316169786887095,-0.0796525199518605,-0.115761004529523,-0.0921498200320227,-0.029889855523742,-0.0590572403800328,-0.0697100602763406,-0.0767876066036791,-0.102701360690709,-0.102701360690709,-0.25004939233654,0.0370541826316204,0,Low Inequality
ROU,Romania,Europe,Northern Hemisphere,Very High,SSA,-0.756607398266637,-0.0949471302869334,-0.719848462778711,-0.731237157837497,-0.836701435611897,-0.477366642123471,-0.469194419061927,-0.468812950780175,-0.207541311325149,0.0672843536068867,0.0728794155573395,-0.104908794749048,-0.104908794749048,-1.17533288393675,-0.66597743041902,0,Low Inequality
RUS,Russian Federation,Europe,Northern Hemisphere,Very High,SSA,-0.77495233710851,-0.520236579762362,-0.250949226584988,-0.241212092026617,-0.395990285300721,-0.413426116069807,-0.467870386415719,-0.516960226283498,-0.597681795335528,-0.604884042372049,-0.598573752531529,-0.550940767317228,-0.550940767317228,-1.65067732462571,0.274695548276336,0,Low Inequality
RWA,Rwanda,Africa,Southern Hemisphere,Low,SSA,1.29802575202306,1.00788692046073,1.01874807590089,1.00733598760255,1.71327006755237,1.74671677969603,1.95348608392265,1.9462991249337,1.97104838151871,1.97897621657137,1.98332043371006,0.758498966967043,0.758498966967043,5.17704594753886,-0.521975377789186,1,Medium Inequality
SAU,Saudi Arabia,Asia,Northern Hemisphere,Very High,AS,-1.08681629742034,-0.0459981079053174,-0.0555774666642547,-0.0316169786887095,-0.0796525199518605,-0.115761004529523,-0.0921498200320227,-0.029889855523742,-0.0590572403800328,-0.0697100602763406,-0.0767876066036791,-0.102701360690709,-0.102701360690709,-0.25004939233654,0.0370541826316204,0,Low Inequality
SDN,Sudan,Africa,Northern Hemisphere,Low,AS,1.42644032391616,-0.237476545046249,-0.199102086917046,-0.190228565055319,-0.158998762591553,1.45377894861637,1.48975765509353,1.47478509651446,1.49878983030795,1.51130831596717,1.5159585342865,1.55500206994821,1.55500206994821,3.31515798242979,-2.54064263232278,1,Medium Inequality
SEN,Senegal,Africa,Northern Hemisphere,Low,SSA,1.38975044623242,0.475540101040115,0.49816217574918,0.49542143549325,0.534292652772462,0.562337373223705,0.585480250283853,0.555325655507425,0.577878558669259,0.186224919614369,0.191742157207885,0.236164797193767,0.236164797193767,1.47935727609561,0.314560368080835,0,Low Inequality
SGP,Singapore,Asia,Northern Hemisphere,Very High,EAP,-1.5087498907834,0.0441118393281572,0.253494372006949,0.306906988818761,0.343677255052116,0.370848589141565,0.391234227325271,0.357818409680654,0.380059448004654,0.40345269769922,0.408827800336547,0.452368615915267,0.452368615915267,1.21265936214816,-0.284601396082383,0,Low Inequality
SLB,Solomon Islands,Oceania,Southern Hemisphere,Medium,EAP,1.11457636360434,0.466300793795445,-0.0555774666642547,-0.0316169786887095,-0.0796525199518605,-0.115761004529523,-0.0921498200320227,-0.029889855523742,-0.0590572403800328,-0.0697100602763406,-0.0767876066036791,-0.102701360690709,-0.102701360690709,-0.115717878929315,0.306296212844136,0,Low Inequality
SLE,Sierra Leone,Africa,Northern Hemisphere,Low,SSA,1.59154477349302,-0.722533280386046,-0.673442663359947,-0.656668097255994,-0.425952958310498,-0.402308015792849,-0.393055026755778,-0.439638383234532,-0.62492507257358,-0.59176274027131,-0.294140318396344,-0.247743973379467,-0.247743973379467,-1.63877641549166,-0.429714352141673,0,Low Inequality
SLV,El Salvador,America,Northern Hemisphere,Medium,LAC,0.564228198348167,0.676887773119652,0.48647158770602,0.426140356041704,0.698843721564852,0.433112154377055,0.30012812302215,0.215692370563872,-0.0581563670689736,0.0550367025806974,0.0674239084863802,0.112351542097811,0.112351542097811,1.00245776861972,0.750940931554455,0,Low Inequality
SMR,San Marino,Europe,Northern Hemisphere,Very High,SSA,-0.921711847843488,-0.0459981079053174,-0.0555774666642547,-0.0316169786887095,-0.0796525199518605,-0.115761004529523,-0.0921498200320227,-0.029889855523742,-0.0590572403800328,-0.0697100602763406,-0.0767876066036791,-0.102701360690709,-0.102701360690709,-0.25004939233654,0.0370541826316204,0,Low Inequality
SOM,Somalia,Africa,Northern Hemisphere,Very High,AS,0.032224971933871,-0.0459981079053174,-0.0555774666642547,-0.0316169786887095,-0.0796525199518605,-0.115761004529523,-0.0921498200320227,0.273013539441196,0.295120670490077,0.319339578607381,0.324769717550849,0.368651985783699,0.368651985783699,0.448341002815993,-0.539676019722621,0,Low Inequality
SRB,Serbia,Europe,Northern Hemisphere,Very High,ECA,-0.573158009847915,-0.0459981079053174,-0.0555774666642547,-0.0316169786887095,0.172491968285075,0.289557328749893,0.174029931923172,0.111205071933059,0.814290313857811,0.224048223548533,0.229540712863099,-0.43423683510714,-0.43423683510714,0.300771974212703,-0.107883960256777,0,Low Inequality
SSD,South Sudan,Africa,Northern Hemisphere,Low,SSA,1.77499416191174,1.28514611986356,1.2898819018784,1.27395356415716,1.32150134664824,1.35315300203412,1.38768279977636,1.37099649258429,1.39483734370098,1.40836631301257,1.41308388762128,1.45254531077199,1.45254531077199,4.73709249713904,-0.0793543664159063,1,Medium Inequality
STP,Sao Tome and Principe,Africa,Northern Hemisphere,Medium,SSA,0.802712403292507,-0.0459981079053174,-0.0555774666642547,-0.0316169786887095,-0.0796525199518605,-0.985412908353225,-0.984556021920894,-1.04107016896415,-1.02103798205672,-0.984025182751742,0.580772030881668,0.623614391155007,0.623614391155007,-1.00014729381326,0.101588181886984,0,Low Inequality
SUR,Suriname,America,Northern Hemisphere,High,LAC,0.0872597884594878,1.98391216877583,1.97321039995106,1.94589992676983,2.00093640011826,2.03570117918945,2.08005895917157,-0.029889855523742,-0.0590572403800328,3.39865783471725,3.40207313573676,3.43345507818441,3.43345507818441,7.3952345701203,-0.683119293993774,1,Medium Inequality
SVK,Slovakia,Europe,Northern Hemisphere,Very High,SSA,-0.903366909001616,-1.60084527008281,-1.51454305795122,-1.50349563534264,-1.50680684266637,-1.20696941062542,-1.20930270686786,-1.39867570441076,-1.51663519124259,-1.47480487487387,-1.46820080391517,-1.7276162694081,-1.7276162694081,-5.14540289735729,-0.111185384619011,2,High Inequality
SVN,Slovenia,Europe,Northern Hemisphere,Very High,SSA,-1.30695556352281,-1.79696956186662,-1.62756920210106,-1.54585836202158,-1.483402275523,-1.40007602242636,-1.4922453406638,-1.58749832932436,-1.82223217990742,-1.85224694305337,-1.84539590684788,-1.8318916415457,-1.8318916415457,-5.80080852648805,0.0855622220119141,2,High Inequality
SWE,Sweden,Europe,Northern Hemisphere,Very High,SSA,-1.60047458499276,-1.61342589694746,-1.3887759515525,-1.27111593646045,-1.29745429689941,-1.13497519889742,-1.13627185354017,-1.22912588301128,-1.28274070485185,-1.30240898949105,-1.29591771939895,-1.21932354722057,-1.21932354722057,-4.42832145616911,-0.370242553837119,2,High Inequality
SWZ,Eswatini,Africa,Southern Hemisphere,Medium,SSA,0.912782036343741,2.01630904117868,2.00489154158029,1.97705335874467,2.03243703007525,2.11380670918211,2.1592891273763,2.15555742364267,2.18063710003137,2.18652760071433,2.19073601428705,2.22703853381018,2.22703853381018,7.35513401511169,-0.107055497265638,1,Medium Inequality
SYC,Seychelles,Africa,Southern Hemisphere,High,SSA,-0.408053560271064,-0.0459981079053174,-0.0555774666642547,-0.0316169786887095,0.931634808976599,0.961500123274642,0.990390527834863,0.967034026716164,0.990237019265274,1.00769895859937,1.01267869506127,1.05376660565014,1.05376660565014,2.59054056459046,-1.34516976676013,1,Medium Inequality
SYR,Syrian Arab Republic,Asia,Northern Hemisphere,Medium,AS,1.02285166939497,-0.636627029025748,-0.589434303468301,-0.0316169786887095,-0.0796525199518605,-0.115761004529523,-0.0921498200320227,-0.029889855523742,-0.0590572403800328,-0.0697100602763406,-0.0767876066036791,-0.102701360690709,-0.102701360690709,-0.553218030015814,-0.516168542621563,0,Low Inequality
TCD,Chad,Africa,Northern Hemisphere,Low,SSA,1.75664922306987,1.07498083907001,1.08435971616942,1.07185474124422,1.1171501778761,1.14786551056216,0.861217905603574,0.835692707781858,0.858688311792087,0.877428987429014,0.621147134832966,0.66382548724474,0.66382548724474,3.13064454687425,0.582801410950927,1,Medium Inequality
TGO,Togo,Africa,Northern Hemisphere,Low,SSA,1.24299093549744,0.0805817803477502,0.111929506746251,0.115622206000113,0.150260646415295,0.390868896005875,0.411542805738587,0.378467951575915,0.643455567716168,0.664288441206601,0.669492875629658,0.711974842625969,0.711974842625969,1.4709149027143,-0.774238701896472,0,Low Inequality
THA,Thailand,Asia,Northern Hemisphere,Very High,EAP,-0.518123193322298,0.644430500469449,-0.0555774666642547,-0.0316169786887095,0.18999678776698,0.216463968751242,0.234626629337043,0.198581505454325,0.220571107983623,0.245514684809332,-0.440909928684055,-0.393917390281396,-0.393917390281396,0.169043246232212,0.52171478302608,0,Low Inequality
TJK,Tajikistan,Asia,Northern Hemisphere,Medium,ECA,0.50919338182255,-0.0459981079053174,-0.0555774666642547,-1.38778516127544,-1.36990185733041,-1.35058202235651,-1.35498319050128,-1.41771648960115,-1.08006786578924,-1.04248125882982,-1.03616006282739,-0.986749556616781,-0.986749556616781,-3.53803026747534,0.736180526230764,2,High Inequality
TKM,Turkmenistan,Asia,Northern Hemisphere,High,ECA,-0.0594997222754905,0.283319761317448,0.310188480910724,-0.0316169786887095,-0.0796525199518605,-0.115761004529523,-0.0921498200320227,0.6133997030053,0.636044305351787,0.656949220980962,0.580208798250402,0.623053446433131,0.623053446433131,1.15741991590681,-0.611411062464521,0,Low Inequality
TLS,Timor-Leste,Asia,Southern Hemisphere,Medium,EAP,0.839402280976252,-0.705192341788773,-0.656484830984876,-0.639992729823839,-0.61377544766835,-0.590991094602577,-0.584454945210787,-1.22226119715752,-1.20251511170621,-1.16373824038355,-1.15733770436341,-1.1074349619995,-1.1074349619995,-3.11094346518253,0.630180646685162,2,High Inequality
TON,Tonga,Oceania,Southern Hemisphere,High,EAP,-0.0594997222754905,-0.0459981079053174,-0.0555774666642547,-0.0316169786887095,-0.0796525199518605,-0.115761004529523,-0.0921498200320227,-0.029889855523742,-0.0590572403800328,-0.0697100602763406,-0.516509794188279,-0.469210161287712,-0.469210161287712,-0.592466160891869,0.350188830732609,0,Low Inequality
TTO,Trinidad and Tobago,America,Northern Hemisphere,Very High,LAC,-0.683227642899148,-0.137012179270729,-0.100857239042606,-0.0316169786887095,-0.0796525199518605,-0.115761004529523,-0.0921498200320227,-0.029889855523742,-0.0590572403800328,-0.0697100602763406,-0.0767876066036791,-0.102701360690709,-0.102701360690709,-0.286492566967084,-0.0313734329641715,0,Low Inequality
TUN,Tunisia,Africa,Northern Hemisphere,High,AS,0.0505699107757432,-0.0459981079053174,-0.0555774666642547,-0.502814460658496,-0.475068357592165,-0.451648458383712,-0.443105920285815,-0.490529588015565,-0.469628095031389,-0.708709342390978,-0.702606537687939,-0.654550960505907,-0.654550960505907,-1.65014270630792,0.584881045382652,0,Low Inequality
TUR,Turkey,Asia,Northern Hemisphere,Very High,ECA,-0.848332092475999,-0.142532447467248,0.0545258416798421,0.0661268909260779,0.0914472526545315,0.117462886591925,0.134200034796685,0.0964688351750618,0.118297201334402,0.144234944957918,0.149779657137145,0.194372753152337,0.194372753152337,0.360002021153166,-0.233277798311062,0,Low Inequality
TUV,Tuvalu,Oceania,Southern Hemisphere,Medium,EAP,0.655952892557529,0.0587209464453632,0.0905516352535144,0.0946004236063423,0.129004580991841,0.155192299969307,0.172472712396294,-0.029889855523742,-0.0590572403800328,-0.0697100602763406,-0.0767876066036791,0.176249317683003,0.176249317683003,0.235967138062271,0.0874321988725006,0,Low Inequality
TZA,Tanzania,Africa,Southern Hemisphere,Low,SSA,1.2063010578137,-0.282623661446737,-0.243251786648852,0.0109353764230545,0.044407105703004,0.070207204991593,0.0862639206422189,0.00209393986976514,0.0237732876409603,0.0506298632488169,0.0562358224485913,0.101208903226382,0.101208903226382,0.0185652780850583,-0.337292233740069,0,Low Inequality
UGA,Uganda,Africa,Northern Hemisphere,Low,SSA,1.31637069086493,-0.0459981079053174,-0.0555774666642547,0.0858486470880348,0.120155267895549,0.146302439942065,0.163454847651748,0.126214811057477,0.377274633470399,0.40069495331647,0.406071860381759,0.449623870874532,0.449623870874532,0.76928724619597,-0.55117598189791,0,Low Inequality
UKR,Ukraine,Europe,Northern Hemisphere,High,ECA,-0.316328866061702,-1.91824561407438,-1.86550535511926,-1.81480757875613,-1.81183600588946,-1.84302971755187,-1.85452161916343,-1.92564173680547,-1.90700629241958,-1.86138132304181,-1.85452431009288,-1.80178952339653,-1.80178952339653,-6.42092306555008,-0.179270918119941,2,High Inequality
URY,Uruguay,America,Southern Hemisphere,Very High,LAC,-0.664882704057276,0.799912182884819,0.490471478489932,0.187910553703161,0.303402675911812,0.281159081644638,0.308188052196751,0.182507220412676,0.157069558534248,0.208523967593218,0.21369418343889,0.258027652016483,0.258027652016483,1.03586343175494,0.452236054876018,0,Low Inequality
USA,United States,America,Northern Hemisphere,Very High,SSA,-1.34364544120655,0.221390201757611,0.299657768145958,0.307384290214551,0.301386705318856,0.56934174945828,0.518527103055575,0.476828438195702,0.564380765778815,0.549465334837536,0.55226612509389,0.213946448796697,0.213946448796697,1.3906558991366,-0.193266566992793,0,Low Inequality
UZB,Uzbekistan,Asia,Northern Hemisphere,High,ECA,0.123949666143232,-0.394510293178616,-0.352666553057106,-0.0316169786887095,-0.0796525199518605,-0.115761004529523,-0.0921498200320227,-0.029889855523742,-0.0590572403800328,-0.0697100602763406,-0.0767876066036791,-0.102701360690709,-0.102701360690709,-0.423961066352026,-0.281233553074205,0,Low Inequality
VCT,Saint Vincent and the Grenadines,America,Northern Hemisphere,High,LAC,-0.0961895999592351,-0.0459981079053174,-0.0555774666642547,-0.0316169786887095,-0.0796525199518605,-0.115761004529523,-0.0921498200320227,-0.029889855523742,-0.0590572403800328,-0.0697100602763406,-0.0767876066036791,-0.102701360690709,-0.102701360690709,-0.25004939233654,0.0370541826316204,0,Low Inequality
VEN,Venezuela,America,Northern Hemisphere,Medium,LAC,0.472503504138806,-0.487278453919433,-0.348987748546633,-0.112185193326917,-0.0800856150642812,-0.162615567054826,-0.14991125661939,-0.192412439309723,-0.171040217994303,-0.142289932393229,-0.13655774326585,-0.0908015150198962,-0.0908015150198962,-0.61342529104626,-0.278781686865154,0,Low Inequality
VNM,Viet Nam,Asia,Northern Hemisphere,High,EAP,0.380778809929444,-0.129634523485805,-0.0936425747717013,-0.0865256816122289,-0.129156766238488,-0.104151924418429,-0.0906057984734932,-0.132111293770242,-0.11064385667225,-0.0824806617485738,-0.0767876066036791,-0.968434505722061,-0.968434505722061,-0.862063204724171,0.430638268937463,0,Low Inequality
VUT,Vanuatu,Oceania,Southern Hemisphere,Medium,EAP,0.839402280976252,-0.448312021744306,-0.405279662168139,-0.39297186075135,-0.36400158665078,-0.340072787300214,-0.329923675848942,-0.375447111500792,-0.354363902763731,-0.323831595466014,-0.31798062127093,-0.27148743447011,-0.27148743447011,-1.20632106649699,-0.178380302219361,0,Low Inequality
WSM,Samoa,Oceania,Southern Hemisphere,High,EAP,0.307399054561955,-0.0459981079053174,-0.0555774666642547,-0.0316169786887095,-0.0796525199518605,-0.115761004529523,-0.0921498200320227,-0.029889855523742,-0.0590572403800328,-0.0697100602763406,-0.0767876066036791,0.0285302169141912,0.0285302169141912,-0.173556969782215,-0.032193824392454,0,Low Inequality
YEM,Yemen,Asia,Northern Hemisphere,Low,AS,1.62823465117676,-0.325186529820879,-0.284874331082775,-0.274572109401625,-0.0796525199518605,-0.0544208531529453,-0.040158651623126,-0.0808171829180514,-0.059268752186151,-0.0316049556406858,-0.0259451891309851,0.0193617194429311,0.0193617194429311,-0.340596932240868,-0.38267318375036,0,Low Inequality
ZMB,Zambia,Africa,Southern Hemisphere,Medium,SSA,1.09623142476246,2.71577010663592,2.68889970148334,2.64966806212759,2.71254787282286,3.54947350105154,3.61562802446135,3.63634699231764,3.66376484215799,3.14288890365064,3.14647155760325,3.17889178018246,3.17889178018246,10.9557016634556,-0.646291488050229,1,Medium Inequality
ZWE,Zimbabwe,Africa,Southern Hemisphere,Medium,SSA,0.949471914027485,1.59225517667209,1.7649493388899,1.74110784968157,1.79386196145967,1.82767793999971,0.672146317003198,0.643446770594691,0.666138817397314,0.686751195412037,0.933310213856401,0.97472052745119,0.97472052745119,4.09329272982705,1.41331634722811,1,Medium Inequality
